LekID,WorkingGroup
B-Alkali Road,Bighorn
B-Alkali satellite,Bighorn
B-Banjo Flats,Bighorn
B-Battle Mtn 1,Bighorn
B-Battle Mtn 2,Bighorn
B-Bear Creek 2,Bighorn
B-Bear Creek Ranch,Bighorn
B-Big Cottonwood,Bighorn
B-Big Trails 2,Bighorn
B-Black Mountain,Bighorn
B-Black Mtn Tower,Bighorn
B-Black Mtn Tower 2,Bighorn
B-Block Butte,Bighorn
B-Block Butte 2,Bighorn
B-Blue Bank (old highway),Bighorn
B-Blue Bank 1,Bighorn
B-Blue Bank 44,Bighorn
B-Blue bank draw 56,Bighorn
B-Blue bank pens (satellite),Bighorn
B-Blue Bank shearing pens,Bighorn
B-Blue Bottle,Bighorn
B-Blue Springs,Bighorn
B-Bruner Draw 1,Bighorn
B-Bruner Draw 2,Bighorn
B-Bud Kimball 2,Bighorn
B-Bud Kimball 3,Bighorn
B-Bud Kimball 4,Bighorn
B-Bud Kimball 6,Bighorn
B-Bud Kimball Corrals,Bighorn
B-Buffalo Creek,Bighorn
B-Buffalo Creek 3,Bighorn
B-Buffalo Creek 4,Bighorn
B-Buffalo Indian,Bighorn
B-Buffalo Springs Creek,Bighorn
B-Carter Cabin,Bighorn
B-Castle Gardens,Bighorn
B-Chalk Butte 1,Bighorn
B-Chalk Butte 2,Bighorn
B-Coyote Springs,Bighorn
B-Deadline 1,Bighorn
B-Deadline Draw,Bighorn
B-Deadline Draw 2,Bighorn
B-Deadline Draw 3,Bighorn
B-Demer Cabin,Bighorn
B-Denver Jake Draw,Bighorn
B-Devil's Slide 2,Bighorn
B-Devil's Slide NE,Bighorn
B-Devils Slide Rd,Bighorn
B-Douglas Draw,Bighorn
B-Doyle Reservoir,Bighorn
B-Dry Bear 1,Bighorn
B-Dry Bear 2,Bighorn
B-Elkhorn,Bighorn
B-Garden Creek,Bighorn
B-Gardiner Ranch 1,Bighorn
B-Horse Creek,Bighorn
B-Hyatt Ridge,Bighorn
B-Joe Emge Creek,Bighorn
B-Joe Emge Creek 4,Bighorn
B-Joe Emge Pond,Bighorn
B-Little Denver Jake Draw,Bighorn
B-Little Denver Jake Draw 2,Bighorn
B-Little Sand Draw,Bighorn
B-Little Sand Draw 2,Bighorn
B-Logging Road,Bighorn
B-Logging Road 2,Bighorn
B-Lost Creek 1,Bighorn
B-Lost Creek 2,Bighorn
B-Lower Bear Creek,Bighorn
B-Mahogany Butte 1,Bighorn
B-Mahogany Butte 3,Bighorn
B-Mahogany Butte 6,Bighorn
B-Mahogany Butte 7,Bighorn
B-Mahogany Butte 8,Bighorn
B-Major Basin,Bighorn
B-Major Basin Draw,Bighorn
B-Mazet 1,Bighorn
B-Mazet 2,Bighorn
B-McDermott,Bighorn
B-Medicine Lodge 1,Bighorn
B-Medicine Lodge 2,Bighorn
B-Minnick Basin 1,Bighorn
B-Minnick Basin 2,Bighorn
B-Minnick Basin 3,Bighorn
B-Monument Hill,Bighorn
B-Mud Ck Rd North,Bighorn
B-Mud Ck Rd South,Bighorn
B-Mud Gulch,Bighorn
B-North Brokenback,Bighorn
B-North Butte,Bighorn
B-Nowater Hill,Bighorn
B-Nowater Stockdrive,Bighorn
B-Nowater Stockdrive NW,Bighorn
B-Nowater Stockdrive SE,Bighorn
B-Nowood 1 (Tolman pens),Bighorn
B-Otter Creek Vee,Bighorn
B-Pinky Reservoir,Bighorn
B-Pistol Draw 1,Bighorn
B-Porter Gulch,Bighorn
B-Potter Butte,Bighorn
B-Ray Dam,Bighorn
B-Red Gulch,Bighorn
B-Renner Reservoir,Bighorn
B-Rome Hill,Bighorn
B-Sand Draw 1,Bighorn
B-Sand Draw 2,Bighorn
B-Sand Point,Bighorn
B-Shanty Ridge 1,Bighorn
B-Shanty Ridge 2,Bighorn
B-Shanty Ridge 3,Bighorn
B-Six mile,Bighorn
B-South Butte,Bighorn
B-South Butte 2,Bighorn
B-South Butte Cabin,Bighorn
B-South Dave Jones,Bighorn
B-Split Ear Spring,Bighorn
B-Stoddard Reservoir,Bighorn
B-Swallow Ranch,Bighorn
B-Trapper,Bighorn
B-Upper Bear Creek,Bighorn
B-Upper Logging Road,Bighorn
B-Walters Reservoir,Bighorn
B-Weber,Bighorn
B-Weeter State,Bighorn
B-White barn,Bighorn
B-Wild Horse Hill,Bighorn
B-Wildcat Draw,Bighorn
B-Wood Allotment,Bighorn
B-Zimmerman Buttes 1,Bighorn
B-Zimmerman Buttes 2,Bighorn
B-Zimmerman Buttes 3,Bighorn
B-Zimmerman Draw,Bighorn
C-160 Acre,Northeast
C-38 Jacobs,Northeast
C-3T Ditch,Northeast
C-3T North Lake,Northeast
C-3T Reservior,Northeast
C-3T Strip,Northeast
C-41 Antelope Draw,Northeast
C-41 Jacobs,Northeast
C-55 Ranch 1,Northeast
C-55 Ranch 2,Northeast
C-55 Ranch 3,Northeast
C-55 Ranch 4,Northeast
C-55 Ranch 5,Northeast
C-55 Ranch 7,Northeast
C-55 Ranch 8,Northeast
C-Adon,Northeast
C-Alvaro,Northeast
C-Amax I,Northeast
C-Amax II,Northeast
C-Amax III,Northeast
C-Antelope Draw - State,Northeast
C-Antelope Draw West,Northeast
C-Antelope Reservoir NW,Northeast
C-Antelope Springs,Northeast
C-Aperry,Northeast
C-Arkansas Creek,Northeast
C-Arndt Draw,Northeast
C-Arpan Draw,Northeast
C-Ash Creek,Northeast
C-Badger Cr - South Fork,Northeast
C-Badger Cr - Spring Cr Fork,Northeast
C-Badger Creek,Northeast
C-Baker I,Northeast
C-Baker II,Northeast
C-Baker III,Northeast
C-Barber Cr - South Prong,Northeast
C-Barbour,Northeast
C-Barker Draw,Northeast
C-Barlow,Northeast
C-Barton North,Northeast
C-Battle Creek,Northeast
C-Bear Draw,Northeast
C-Beaver Creek,Northeast
C-Beecher Draw,Northeast
C-Beecher Draw N,Northeast
C-Belle Ayr I,Northeast
C-Belle Ayr II,Northeast
C-Belle Fourche N,Northeast
C-Belle Fourche S,Northeast
C-Belus,Northeast
C-Bentonite,Northeast
C-Bergreen,Northeast
C-Bertha Road,Northeast
C-Big V Reservoir,Northeast
C-Bill Hall,Northeast
C-Bill Hall #2,Northeast
C-Bill Hall South,Northeast
C-Billie Creek,Northeast
C-Bishop,Northeast
C-Black Butte,Northeast
C-Black Hills Meridian,Northeast
C-Black Tail Creek 1,Northeast
C-Black Tail Creek 2,Northeast
C-Black Thunder,Northeast
C-Blaine Ditch,Northeast
C-BLM,Northeast
C-Blue Hill 1,Northeast
C-Blue Hill 2,Northeast
C-Blue Hill 3,Northeast
C-Blue Hill 4,Northeast
C-Boseman Trail,Northeast
C-Box Draw,Northeast
C-Boxelder Draw,Northeast
C-Brown Ranch,Northeast
C-Bruce 2,Northeast
C-Bruce 3,Northeast
C-Bruce 4,Northeast
C-Buck Creek Playa,Northeast
C-Buckskin,Northeast
C-Bull Creek,Northeast
C-Bush,Northeast
C-Bushwacker Creek IV,Northeast
C-Bushwacker Creek V,Northeast
C-Bushwhacker Creek I,Northeast
C-Bushwhacker Creek II,Northeast
C-Bushwhacker Creek III,Northeast
C-Butch,Northeast
C-Caballo West,Northeast
C-Campbell Road,Northeast
C-Cap'n Bob,Northeast
C-Carr2,Northeast
C-Case I,Northeast
C-Case II,Northeast
C-Case III,Northeast
C-Cat Creek 1,Northeast
C-Cat Creek 2,Northeast
C-Cat Creek 3,Northeast
C-Cedar Canyon,Northeast
C-Cedar Creek,Northeast
C-Cedar Ridge,Northeast
C-Cellars 1,Northeast
C-Cellars 1B,Northeast
C-Cellars 2,Northeast
C-Cellars 3,Northeast
C-Cellars 4,Northeast
C-Cellars 5,Northeast
C-Cellars 6,Northeast
C-Cellars 7,Northeast
C-Centenial,Northeast
C-Charley,Northeast
C-Cheyenne Divide 1,Northeast
C-Cheyenne Divide 2,Northeast
C-Christensen Ranch 1,Northeast
C-Christensen Ranch 2,Northeast
C-Christensen Ranch 3,Northeast
C-Christensen Ranch 4,Northeast
C-Christensen Ranch 5,Northeast
C-Christensen Ranch 7,Northeast
C-Christian I,Northeast
C-Christian II,Northeast
C-Christian III,Northeast
C-Church Lek,Northeast
C-Clareton Oil Field,Northeast
C-Clausen Ranch,Northeast
C-Clausen Ranch 2,Northeast
C-Clay Pit,Northeast
C-Clear Creek Cutoff,Northeast
C-Clearmont,Northeast
C-Coal Creek I,Northeast
C-Coal Creek II,Northeast
C-Coal Creek III,Northeast
C-Coal Creek IV,Northeast
C-Coal Gulch,Northeast
C-Coal Mine Road,Northeast
C-Cole Creek,Northeast
C-Collins,Northeast
C-Collins North,Northeast
C-Collins SE,Northeast
C-Collins SW,Northeast
C-Colony 1,Northeast
C-Colton,Northeast
C-Common Prong,Northeast
C-Cook Draw,Northeast
C-Cooper,Northeast
C-Cooper 2,Northeast
C-Cooper 3,Northeast
C-Cordero Mine,Northeast
C-Cottonwood,Northeast
C-Cottonwood Ck I,Northeast
C-Cottonwood Creek,Northeast
C-Cottonwood Creek 1,Northeast
C-Cottonwood Creek 2,Northeast
C-Cottonwood Creek 3,Northeast
C-Cottonwood South,Northeast
C-County Line,Northeast
C-County Line N,Northeast
C-Cow Creek Road,Northeast
C-Cow Creek Road 1,Northeast
C-Cow Creek Road 2,Northeast
C-Coyote Draw,Northeast
C-Curtis Draw,Northeast
C-Daly,Northeast
C-Dead Horse Cr,Northeast
C-Deaver,Northeast
C-Deep Creek,Northeast
C-Deer Creek,Northeast
C-Deer Creek North,Northeast
C-Dickey Draw,Northeast
C-Divide Road,Northeast
C-Divide Road 2,Northeast
C-Dixon Draw,Northeast
C-Double Cross Road,Northeast
C-Doud,Northeast
C-Downs,Northeast
C-Drill Hole,Northeast
C-Dry Creek I,Northeast
C-Dry Creek II,Northeast
C-Dry Creek III,Northeast
C-Dry Fork 1,Northeast
C-Dry Fork 2,Northeast
C-Dry Fork I,Northeast
C-Dry Fork II,Northeast
C-Dry Willow,Northeast
C-Dugout Draw,Northeast
C-Dull Center,Northeast
C-Dunham 4,Northeast
C-Dunham 5,Northeast
C-Dunham 6,Northeast
C-E-K Mountain Road,Northeast
C-Eagle Butte,Northeast
C-East Adon,Northeast
C-East Antelope #1,Northeast
C-East Antelope #2,Northeast
C-East Holler,Northeast
C-East Redbird,Northeast
C-East Steckley Road,Northeast
C-Easter Creek,Northeast
C-Edwards,Northeast
C-Elder Reservoir,Northeast
C-Elk Creek,Northeast
C-Elk Creek Road,Northeast
C-Elk Creek Road NE,Northeast
C-Enyard,Northeast
C-Fairview 1,Northeast
C-Fairview 2,Northeast
C-Fernikas,Northeast
C-Field 2,Northeast
C-Fieldgrove,Northeast
C-Fitch Prong Road,Northeast
C-Flat-Top,Northeast
C-Fleetwood Draw,Northeast
C-Flora,Northeast
C-Flying E Creek,Northeast
C-Fortification,Northeast
C-Four Corners II,Northeast
C-Four Corners-State,Northeast
C-Fourmile Rd,Northeast
C-Frank,Northeast
C-French Springs,Northeast
C-Garrett,Northeast
C-Garrett 2,Northeast
C-Gaskill 1,Northeast
C-Gerard,Northeast
C-Gilbertz II,Northeast
C-Gilbertz III,Northeast
C-Gilkie Ranch,Northeast
C-Gilkie Ranch NW,Northeast
C-Gilkie Ranch SW,Northeast
C-Goble Draw,Northeast
C-Gold Mine Draw,Northeast
C-Government Hill,Bates Hole
C-Gregerson,Northeast
C-Guzzler,Northeast
C-Guzzler West,Northeast
C-Hamilton Hills,Northeast
C-Hampshire,Northeast
C-Hampshire Cntrl.,Northeast
C-Hanging Woman,Northeast
C-Hanging Woman - Early Prong,Northeast
C-Hanging Woman-Main Fk.,Northeast
C-Hanging Woman-Middle Fork,Northeast
C-Hanging Woman-South Middle Prong,Northeast
C-Hanging Woman-West Fork,Northeast
C-Hansen Lakes,Northeast
C-Harris,Northeast
C-Hay Creek,Northeast
C-Hayden I,Northeast
C-Hayden II,Northeast
C-Hayden Sat. A,Northeast
C-Hayden Sat. B,Northeast
C-Hepp,Northeast
C-Hershey,Northeast
C-Highland,Northeast
C-Highway 85 1,Northeast
C-Highway 85 2,Northeast
C-Highway 85 3,Northeast
C-Hines,Northeast
C-Hines NW,Northeast
C-Hoadley Road,Northeast
C-Hole-in-the-Wall Slope,Northeast
C-Holler,Northeast
C-Holler North,Northeast
C-Homestead,Northeast
C-Howard,Northeast
C-Howell Draw,Northeast
C-Hutt,Northeast
C-Iberlin,Northeast
C-Indian Creek I,Northeast
C-Indian Creek II,Northeast
C-Indian Creek III,Northeast
C-Indian Creek IV,Northeast
C-Innes,Northeast
C-Irigaray,Northeast
C-Irigaray II,Northeast
C-Iron Springs,Northeast
C-Jewell Draw,Northeast
C-Kaufman Draw,Northeast
C-Kay,Northeast
C-Keeline State Land,Northeast
C-Kendrick,Northeast
C-Kendrick II,Northeast
C-Keyhole,Northeast
C-Keyton 1,Northeast
C-Keyton 3,Northeast
C-Keyton 4,Northeast
C-Keyton 5,Northeast
C-Keyton 6,Northeast
C-Kilts,Northeast
C-Kingsbury Divide,Northeast
C-Kingsbury South,Northeast
C-Kinney Draw I,Northeast
C-Kinney Draw II,Northeast
C-Kinney Draw III,Northeast
C-Knebel Draw,Northeast
C-Kort,Northeast
C-Kretschmann,Northeast
C-Lake,Northeast
C-Lake NW,Northeast
C-Lake Pasture,Northeast
C-Laramore,Northeast
C-Larey Draw,Northeast
C-Larry Smith,Northeast
C-Laskie Draw,Northeast
C-Laskie Draw East,Northeast
C-Leiter,Northeast
C-Lester,Northeast
C-Little Black Butte,Northeast
C-Little Willow,Northeast
C-Lone Bear Flat,Northeast
C-Lone Bear Road 1,Northeast
C-Lone Tree Gulch 1,Northeast
C-Lone Tree Gulch 2,Northeast
C-Lucky Draw,Northeast
C-Lynch 1,Northeast
C-Lynde,Northeast
C-Mai Tai,Northeast
C-Mankin,Northeast
C-Manning Road,Northeast
C-Marquiss Reservoir,Northeast
C-Maycock,Northeast
C-Mayoworth,Northeast
C-McCormack 2,Northeast
C-McCrady,Northeast
C-McGee,Northeast
C-Mckenzie,Northeast
C-McMillan Draw,Northeast
C-Meadowlark,Northeast
C-Mengel,Northeast
C-Mesa Corrals,Northeast
C-Mesa Cowcamp,Northeast
C-Mesa Strip,Northeast
C-Miller Creek,Northeast
C-Minnick,Northeast
C-Mitchell,Northeast
C-Mojito,Northeast
C-Montgomery,Northeast
C-Moore Reservoir,Northeast
C-Moorehead,Northeast
C-Morgan Draw,Northeast
C-Morris Draw,Northeast
C-Morse Williams,Northeast
C-MT BI-026,Northeast
C-MT PO-041,Northeast
C-Mud Spring Creek,Northeast
C-Murray Draw,Northeast
C-Napier,Northeast
C-Napier Ranch,Northeast
C-Negro Butte,Northeast
C-Negro Creek,Northeast
C-New Deal,Northeast
C-Nine Mile,Northeast
C-North 95,Northeast
C-North 95 East,Northeast
C-North Beaver Creek,Northeast
C-North Bobcat Road,Northeast
C-North Buffalo Cr,Northeast
C-North Butte,Northeast
C-North Cedar Breaks,Northeast
C-North Cow Creek,Northeast
C-North Dull Center Road,Northeast
C-North Grub Draw,Northeast
C-North Owens,Northeast
C-North Prong,Northeast
C-North Shawnee,Northeast
C-North State Land,Northeast
C-Number Two Draw,Northeast
C-Nurse Draw,Northeast
C-NW Wright,Northeast
C-Oil City 1,Northeast
C-Oil City 2,Northeast
C-Old Highway 85,Northeast
C-Old Man Spring,Northeast
C-Olmstead,Northeast
C-Omni Satellite,Northeast
C-Omni Station,Northeast
C-Open A,Northeast
C-Oriva II,Northeast
C-Ormsby Draw,Northeast
C-Osage-1,Northeast
C-Osage-2,Northeast
C-Osage-3,Northeast
C-Oshoto,Northeast
C-Pallister,Northeast
C-Passaic,Northeast
C-Payne,Northeast
C-Perry Reservoir,Northeast
C-Petrified Tree,Northeast
C-Phinney Draw,Northeast
C-Pickerell,Northeast
C-Piper,Northeast
C-PK,Northeast
C-Playa,Northeast
C-Ploessers Dry Lake,Northeast
C-Poodle Dog,Northeast
C-Popham,Northeast
C-Porcupine Creek,Northeast
C-Posey Creek,Northeast
C-PPL,Northeast
C-Preston Draw,Northeast
C-Prickly Pear,Northeast
C-Pumpkin,Northeast
C-Pumpkin Buttes,Northeast
C-Pumpkin Creek II,Northeast
C-Raven Creek,Northeast
C-Rawhide Creek,Northeast
C-Rawhide School,Northeast
C-Red Draw,Northeast
C-Red Hills,Northeast
C-Red Wall,Northeast
C-Red Wall - State,Northeast
C-Reel,Northeast
C-Remington Creek,Northeast
C-Reno Draw,Northeast
C-Reno Hill,Northeast
C-Reno Hll North,Northeast
C-Rhodes,Northeast
C-Rhodes 2,Northeast
C-Ridgetop,Northeast
C-Rim/Hanson,Northeast
C-Rochelle,Northeast
C-Rocky Butte,Northeast
C-Rocky Top,Northeast
C-Rough Creek I,Northeast
C-Rough Creek II,Northeast
C-Rough Creek III,Northeast
C-Rough Creek IV,Northeast
C-Roxson Road 1,Northeast
C-Saddlesore,Northeast
C-Sadler,Northeast
C-Salt Creek,Northeast
C-Sand Creek 1,Northeast
C-Sand Creek 2,Northeast
C-Schiermiester,Northeast
C-Schmidt 1,Northeast
C-Schoonover,Northeast
C-Search,Northeast
C-Sears Road,Northeast
C-Shackleton,Northeast
C-Shell Creek,Northeast
C-Sheridan Ranches,Northeast
C-Shinn,Northeast
C-Shorma Hill,Northeast
C-Sierra Vista,Northeast
C-Signal Mtn,Northeast
C-Six Mile Basin 1,Northeast
C-Six Mile Basin 2,Northeast
C-Six Mile Basin 3,Northeast
C-Six Mile Basin 8,Northeast
C-Six Mile Basin 9,Northeast
C-Six Mile North 10,Northeast
C-Six Mile North 7,Northeast
C-Skybow,Northeast
C-Slater Creek,Northeast
C-Sony Top,Northeast
C-South Bobcat Creek,Northeast
C-South Butte,Northeast
C-South Coffey,Northeast
C-South Dull Center Road,Northeast
C-South Grub Draw,Northeast
C-South Jenny Trail,Northeast
C-South Lance Creek,Northeast
C-South Poison Draw,Northeast
C-Sparta,Northeast
C-Spotted Horse,Northeast
C-Spring Creek,Northeast
C-Squaw Creek,Northeast
C-Squaw Creek South,Northeast
C-State,Northeast
C-State Land,Northeast
C-Stateline,Northeast
C-Steckley Road,Northeast
C-Stellwagon,Northeast
C-Stenson Main,Northeast
C-Stewart Draw,Northeast
C-Stove Gulch,Northeast
C-Stowe,Northeast
C-Stranahan I,Northeast
C-Stranahan II,Northeast
C-Stuart I,Northeast
C-Suicide Hill,Northeast
C-Sunny Slope Road,Northeast
C-T-Chair,Northeast
C-Teapot Creek,Northeast
C-Tear Drop,Northeast
C-Tear Drop II,Northeast
C-The Wallows,Northeast
C-Thompson Creek Rd I,Northeast
C-Thompson Creek Rd II,Northeast
C-Thornton,Northeast
C-Three Bees,Northeast
C-Throne,Northeast
C-Thrush,Northeast
C-Tillards 1,Northeast
C-Tillards 2,Northeast
C-Timber Creek,Northeast
C-Tracy Waterhole,Northeast
C-Trail Creek,Northeast
C-Treasure Mountain,Northeast
C-Turner Divide,Northeast
C-Tuttle Draw,Northeast
C-Twentymile,Northeast
C-UL Oil Field,Northeast
C-Union Chapel,Northeast
C-Union Chapel North,Northeast
C-Upper Dry Creek Road I,Northeast
C-Upper Dry Creek Road II,Northeast
C-Upper Dry Creek Road III,Northeast
C-Upper Kauffman Draw,Northeast
C-Upper Lake Creek,Northeast
C-Upper Little Cow Creek 1,Northeast
C-Upper Little Cow Creek 2,Northeast
C-Upton 1,Northeast
C-Upton 2,Northeast
C-Upton 3,Northeast
C-Upton-Fairview,Northeast
C-W. Harney Creek,Northeast
C-Waddle Creek,Northeast
C-Wagonhound Creek,Northeast
C-Walker Draw,Northeast
C-Walker Pipeline,Northeast
C-Wallace,Northeast
C-Warriner Draw R.,Northeast
C-Watsabaugh I,Northeast
C-Watsabaugh II,Northeast
C-Watsabaugh III,Northeast
C-Watsabaugh IV,Northeast
C-Weller,Northeast
C-West Miller Creek,Northeast
C-White-tail Creek,Northeast
C-Whitetail Creek,Northeast
C-Wildcat,Northeast
C-Wildhorse,Northeast
C-Williams,Northeast
C-Williams Reservoir,Northeast
C-Willow Creek,Northeast
C-Wilson,Northeast
C-Wilson Sat.,Northeast
C-Wind Creek,Northeast
C-Wind Creek 2,Northeast
C-Wind Creek 3,Northeast
C-Windmill,Northeast
C-Windmill North,Northeast
C-Windmill NW,Northeast
C-Winland,Northeast
C-Wolfe,Northeast
C-Wright 1,Northeast
C-Wright 2,Northeast
C-Wright 3,Northeast
C-Yellowhammer,Northeast
C-York,Northeast
C-Youngs Creek,Northeast
C-ZV Creek 1 Satellite,Northeast
C-ZV Creek I,Northeast
C-ZV Creek II,Northeast
C-ZV Creek III,Northeast
C-ZV Creek IV,Northeast
E-9 Mile North,Wind River
E-9 Mile South,Wind River
E-Agate Flats,Wind River
E-Alkali Creek East,Wind River
E-Alkali Creek North,Wind River
E-Alkali Creek South,Wind River
E-Arminto,Wind River
E-Badwater Canyon,Wind River
E-Badwater Ranch - North,Wind River
E-Barlow Draw,Wind River
E-Barlow Gap,Wind River
E-Beulah Belle Lake,Wind River
E-Big Horn Trail,Wind River
E-Bill's,Wind River
E-Birdsfoot,Wind River
E-Black Mountain,Wind River
E-Black Mountain South,Wind River
E-Black Rock,Wind River
E-Black Rock Draw,Wind River
E-Black Rocks,Wind River
E-Blackjack,Wind River
E-Blackjack Ranch,Wind River
E-Bridger Creek,Wind River
E-Bridger Trail,Wind River
E-Buffalo Creek,Wind River
E-Canyon Creek - Ranch,Wind River
E-Canyon Creek - Ranch South,Wind River
E-Canyon Creek - Red Hill,Wind River
E-Canyon Creek - Well,Wind River
E-Cedar Gap,Wind River
E-Cedar Ridge South,Wind River
E-Coal Bank Hills,Wind River
E-Conant Creek - North Twin,Wind River
E-Conant Fence,Wind River
E-Cottonwood Creek,Wind River
E-Davis Pass - West,Wind River
E-Davison Road - 7 Mile,Wind River
E-Davison Road - 8 Mile,Wind River
E-Davison Road - East 12 Mile,Wind River
E-Davison Road - North 12 Mile,Wind River
E-Davison Road - South 12 Mile,Wind River
E-Devil's Slide,Wind River
E-Diamond Springs,Wind River
E-Dolus Hill,Wind River
E-Dry Creek,Wind River
E-Dry Draw,Wind River
E-Dry Lakes,Wind River
E-Dry Pond,Wind River
E-East Long Creek No. 1,Wind River
E-East Long Creek No. 2,Wind River
E-East Long Creek No. 3,Wind River
E-Falcon Nest,Wind River
E-Fuller Airstrip,Wind River
E-Gun Barrel,Wind River
E-Homestead Flats,Wind River
E-Horseshoe Playa,Wind River
E-Jackpot,Wind River
E-Leighi Point,Wind River
E-Lysite Creek - Bottom,Wind River
E-Lysite Creek - Hill,Wind River
E-Maverick Butte,Wind River
E-McIntosh Meadows,Wind River
E-Mud Springs,Wind River
E-Nancy Creek,Wind River
E-Nancy Creek Reservoir,Wind River
E-North Dobie,Wind River
E-Ocla Draw,Wind River
E-Oil Playa,Wind River
E-Pipeline,Wind River
E-Pit,Wind River
E-Poison Draw East,Wind River
E-Poison Draw West,Wind River
E-Powerline,Wind River
E-Puddle Springs,Wind River
E-Radio Tower Draw No. 1,Wind River
E-Radio Tower Draw No. 2,Wind River
E-Rawlins Draw,Wind River
E-Riddle,Wind River
E-Sage Hen No. 1,Wind River
E-Sage Hen No. 2,Wind River
E-Sage Hen No. 3,Wind River
E-Sage Hen No. 4,Wind River
E-Sand Creek Bench,Wind River
E-Signor Pipeline,Wind River
E-Signor Ridge,Wind River
E-South Bridger Creek,Wind River
E-Spring Creek,Wind River
E-Squaw Butte East,Wind River
E-West Canyon Creek,Wind River
E-Windmill,Wind River
F-1671023,Bates Hole
F-1770313,Bates Hole
F-1770321,Bates Hole
F-1771304,Bates Hole
F-1873044,Bates Hole
F-1873103,Bates Hole
F-1874064,Bates Hole
F-1874081,Bates Hole
F-1971074,Bates Hole
F-1973224,Bates Hole
F-1973294,Bates Hole
F-1974041,Bates Hole
F-1974042,Bates Hole
F-1974122,Bates Hole
F-1976241,Bates Hole
F-1976343,Bates Hole
F-2071202,Bates Hole
F-2073021,Bates Hole
F-2073062,Bates Hole
F-2073091,Bates Hole
F-2073283,Bates Hole
F-2073331,Bates Hole
F-2074214,Bates Hole
F-2074333,Bates Hole
F-2074334,Bates Hole
F-2078092,Bates Hole
F-2079274,Bates Hole
F-2079292,Bates Hole
F-2173101,Bates Hole
F-2173102,Bates Hole
F-2173203,Bates Hole
F-2173291,Bates Hole
F-2173354,Bates Hole
F-2174252,Bates Hole
F-2177041,Bates Hole
F-2177104,Bates Hole
F-2177203,Bates Hole
F-2177314,Bates Hole
F-2179012,Bates Hole
F-2179013,Bates Hole
F-2179193,Bates Hole
F-2179292,Bates Hole
F-2180062,Bates Hole
F-2181061,Bates Hole
F-2181081,Bates Hole
F-2181112,Bates Hole
F-2181113,Bates Hole
F-2181141,Bates Hole
F-2181143,Bates Hole
F-2181181,Bates Hole
F-2182063,Bates Hole
F-2182163,Bates Hole
F-2182202,Bates Hole
F-2182214,Bates Hole
F-2182281,Bates Hole
F-2183011,Bates Hole
F-2183024,Bates Hole
F-2183232,Bates Hole
F-2184031,Bates Hole
F-2185011,Bates Hole
F-2273182,Bates Hole
F-2273271,Bates Hole
F-2274063,Bates Hole
F-2274173,Bates Hole
F-2274343,Bates Hole
F-2274354,Bates Hole
F-2276362,Bates Hole
F-2277333,Bates Hole
F-2279213,Bates Hole
F-2280203,Bates Hole
F-2280231,Bates Hole
F-2280262,Bates Hole
F-2281293,Bates Hole
F-2281314,Bates Hole
F-2282061,Bates Hole
F-2283321,Bates Hole
F-2283344,Bates Hole
F-2284074,Bates Hole
F-2284153,Bates Hole
F-2284154,Bates Hole
F-2284293,Bates Hole
F-2284332,Bates Hole
F-2376361,Bates Hole
F-2377014,Bates Hole
F-2377091,Bates Hole
F-2377151,Bates Hole
F-2377152,Bates Hole
F-2377163,Bates Hole
F-2382214,Bates Hole
F-2382221,Bates Hole
F-2382283,Bates Hole
F-2382323,Bates Hole
F-2382343,Bates Hole
F-2383102,Bates Hole
F-2383144,Bates Hole
F-2383363,Bates Hole
F-2475013,Bates Hole
F-2475262,Bates Hole
F-2476164,Bates Hole
F-2477220,Bates Hole
F-2478312,Bates Hole
F-2478331,Bates Hole
F-2481064,Bates Hole
F-2481083,Bates Hole
F-2483084,Bates Hole
F-2483144,Bates Hole
F-2483220,Bates Hole
F-2483293,Bates Hole
F-2483324,Bates Hole
F-2574071,Bates Hole
F-2574192,Bates Hole
F-2574193,Bates Hole
F-2574303,Bates Hole
F-2575121,Bates Hole
F-2575243,Bates Hole
F-2575364,Bates Hole
F-2576042,Bates Hole
F-2578332,Bates Hole
F-2583261,Bates Hole
F-2583302,Bates Hole
F-2583362,Bates Hole
F-2584252,Bates Hole
F-2674284,Bates Hole
F-2674303,Bates Hole
F-2674312,Bates Hole
F-2675151,Bates Hole
F-2676021,Bates Hole
F-2676052,Bates Hole
F-2677021,Bates Hole
F-2683214,Bates Hole
F-2683281,Bates Hole
F-2776101,Bates Hole
F-2776211,Bates Hole
F-2776261,Bates Hole
F-2776322,Bates Hole
F-2777114,Bates Hole
F-2778312,Bates Hole
F-2780282,Bates Hole
F-2781044,Bates Hole
F-2782072,Bates Hole
F-2782124,Bates Hole
F-2782144,Bates Hole
F-2783111,Bates Hole
F-2783124,Bates Hole
F-2783254,Bates Hole
F-2877083,Bates Hole
F-2877183,Bates Hole
F-2877323,Bates Hole
F-2878143,Bates Hole
F-2878164,Bates Hole
F-2878240,Bates Hole
F-2879313,Bates Hole
F-2882223,Bates Hole
F-2882354,Bates Hole
F-Altmann,Bates Hole
F-Anderson Draw 1,Bates Hole
F-Austin Creek,Bates Hole
F-Banner Draw 2,Bates Hole
F-Banner Draw 3,Bates Hole
F-Barber,Bates Hole
F-Bates Creek Reservoir,Bates Hole
F-Bear Mountain,Bates Hole
F-Bear Springs East,Bates Hole
F-Bear Springs West,Bates Hole
F-Bishop Point,Bates Hole
F-BLM 226,Bates Hole
F-BLM 227,Bates Hole
F-Bolton Creek 1,Bates Hole
F-Bolton Creek 2,Bates Hole
F-Bolton Creek Road,Bates Hole
F-Boxelder,Bates Hole
F-Broad Mesa 1,Bates Hole
F-Broad Mesa 2,Bates Hole
F-Broomstick,Bates Hole
F-Brush Creek,Bates Hole
F-Burnt Wagon Draw,Bates Hole
F-Cactus Patch,Bates Hole
F-Canyon Creek,Bates Hole
F-Canyon Creek Lower,Bates Hole
F-Canyon Creek N Fork,Bates Hole
F-Canyon Creek N Fork Lower,Bates Hole
F-Canyon Creek South,Bates Hole
F-Childers Reservoir,Bates Hole
F-Coffee Creek,Bates Hole
F-Cold Springs Road,Bates Hole
F-Commo,Bates Hole
F-Converse/Platte Line,Bates Hole
F-County Road Reservoir,Bates Hole
F-Deer Creek Grazing,Bates Hole
F-Donaldine,Bates Hole
F-Dry Hole,Bates Hole
F-E. Ryan Hill 1,Bates Hole
F-E. Stock Tank,Bates Hole
F-East Dry Creek,Bates Hole
F-East Fork,Bates Hole
F-East Lawn Creek,Bates Hole
F-Elk Horn Draw,Bates Hole
F-Elkhorn,Bates Hole
F-Ellis 1,Bates Hole
F-Emigrant 1,Bates Hole
F-Emigrant 2,Bates Hole
F-Emigrant 3,Bates Hole
F-Flat Top,Bates Hole
F-Fremont Canyon South,Bates Hole
F-Gooseberry Creek,Bates Hole
F-Gray Wall,Bates Hole
F-Gray Wall 2,Bates Hole
F-Hanna Draw East 1,Bates Hole
F-Hanna Draw East 2,Bates Hole
F-Hat Six,Bates Hole
F-Hemingway Draw,Bates Hole
F-Hemingway Draw 2,Bates Hole
F-Hester,Bates Hole
F-Irish Lake,Bates Hole
F-Iron Creek 1,Bates Hole
F-Iron Creek 2,Bates Hole
F-Iron Creek 3,Bates Hole
F-Iron Creek 4,Bates Hole
F-Jacks Homestead,Bates Hole
F-King Creek,Bates Hole
F-Kortes Road,Bates Hole
F-Kyle 63,Bates Hole
F-Kyle 65,Bates Hole
F-Landing Strip,Bates Hole
F-Little Red Creek,Bates Hole
F-Lone Bear Creek,Bates Hole
F-Lox,Bates Hole
F-Lox 2,Bates Hole
F-Marie,Bates Hole
F-Marton,Bates Hole
F-McClanahan Draw 2,Bates Hole
F-McClanahan Draw 3,Bates Hole
F-Meadowdale,Bates Hole
F-Meers Camp,Bates Hole
F-Middle Fork,Bates Hole
F-Middle Sybille,Bates Hole
F-Mikes Draw 1,Bates Hole
F-Mikes Draw 2,Bates Hole
F-Miles,Bates Hole
F-Missouri John,Bates Hole
F-Morman Canyon,Bates Hole
F-Mud Springs 1,Bates Hole
F-Mud Springs 2,Bates Hole
F-Mud Springs 3,Bates Hole
F-Mud Springs 4,Bates Hole
F-Mule Creek,Bates Hole
F-N. 2 Bar,Bates Hole
F-Natrona North 1,Bates Hole
F-Natrona North 2,Bates Hole
F-North Lawn Creek,Bates Hole
F-Notches 1,Bates Hole
F-Notches 2,Bates Hole
F-Notches 3,Bates Hole
F-Old Carbon 31,Bates Hole
F-Old Carbon 34,Bates Hole
F-Old Carbon 35 1,Bates Hole
F-Old Carbon 35 2,Bates Hole
F-Old Carbon 37,Bates Hole
F-Old Carbon 38,Bates Hole
F-Old Highway,Bates Hole
F-Old Percy 2,Bates Hole
F-Oregon Trail 1,Bates Hole
F-Pathfinder Dam,Bates Hole
F-Pine Draw,Bates Hole
F-Pine Top,Bates Hole
F-Pino Draw,Bates Hole
F-Poison Spider Road,Bates Hole
F-Poison Spider Road West,Bates Hole
F-Powder River Road,Bates Hole
F-Powder River Road Southeast,Bates Hole
F-Powerline,Bates Hole
F-Rattlesnake Spring,Bates Hole
F-Reynolds Reservoir,Bates Hole
F-Ridge Road,Bates Hole
F-Robinett,Bates Hole
F-Runway,Bates Hole
F-Sage Flat,Bates Hole
F-Sand Hills,Bates Hole
F-Soap Creek,Bates Hole
F-South Fork 1,Bates Hole
F-South Fork 2,Bates Hole
F-South Fork 3,Bates Hole
F-South Pasture,Bates Hole
F-Square Top Butte 1,Bates Hole
F-Square Top Butte 2,Bates Hole
F-Square Top Butte 3,Bates Hole
F-Statzer Draw,Bates Hole
F-Statzer Point,Bates Hole
F-Stock Tank,Bates Hole
F-Stock Trail,Bates Hole
F-Substation,Bates Hole
F-Teapot,Bates Hole
F-TTT Reservoir,Bates Hole
F-Twentymile Draw,Bates Hole
F-Tyler,Bates Hole
F-Upper Bates Creek,Bates Hole
F-Upper Lone Tree,Bates Hole
F-Virden Creek,Bates Hole
F-VR Pipeline,Bates Hole
F-Wallace Creek 1,Bates Hole
F-Wallace Creek 2,Bates Hole
F-Wallace Creek 3,Bates Hole
F-West Pinto,Bates Hole
F-Wild Horse Butte,Bates Hole
F-Wild Horse Lake,Bates Hole
F-Wilson Ridge,Bates Hole
H-10 Creston,South Central
H-10 High Point,South Central
H-1277023,South Central
H-1277114,South Central
H-1281031,South Central
H-1376324,South Central
H-1376351,South Central
H-1381171,South Central
H-1477074,South Central
H-1481311,South Central
H-1482163,South Central
H-1482221,South Central
H-1482243,South Central
H-1582282,South Central
H-1583113,South Central
H-1583243,South Central
H-1583351,South Central
H-1585153,South Central
H-1683251,South Central
H-1684133,South Central
H-1684253,South Central
H-1684273,South Central
H-1684331,South Central
H-1684353,South Central
H-1685214,South Central
H-1685232,South Central
H-1782181,South Central
H-1783041,South Central
H-1783062,South Central
H-1784314,South Central
H-1785042,South Central
H-1785102,South Central
H-1785282,South Central
H-1785331,South Central
H-1785362,South Central
H-1786163,South Central
H-1786252,South Central
H-1883112,South Central
H-1883133,South Central
H-1883152,South Central
H-1885223,South Central
H-1981293,South Central
H-1981343,South Central
H-1983014,South Central
H-1983074,South Central
H-1983302,South Central
H-1983323,South Central
H-1984014,South Central
H-1984172,South Central
H-1984294,South Central
H-1984312,South Central
H-1984332,South Central
H-1985352,South Central
H-2083292,South Central
H-2084341,South Central
H-25 Continental Divide,South Central
H-25 Creston,South Central
H-25 Separation Creek,South Central
H-5 Buttes,South Central
H-5 Mile Lake,South Central
H-9 Continental Divide,South Central
H-9 Separation Creek,South Central
H-Annis,South Central
H-Arkansas,South Central
H-Arkansas Basin,South Central
H-Ault Ditch,South Central
H-Badwater,South Central
H-Bare Ring Butte,South Central
H-Bear Mountain,South Central
H-Benchmark,South Central
H-Bens,South Central
H-Big Gulch 1,South Central
H-Big Gulch 2,South Central
H-Bird Gulch 1,South Central
H-Bird Gulch 2,South Central
H-Blue Gap,South Central
H-Bobs,South Central
H-Boggy Meadows North,South Central
H-Boggy Meadows Rim,South Central
H-Boyer International,South Central
H-Bridger Pass,South Central
H-Broken Windmill,South Central
H-Buck Draw,South Central
H-Buck Spring,South Central
H-Buck Springs Draw,South Central
H-Bull Springs,South Central
H-Chain Lakes Rim,South Central
H-Cherokee,South Central
H-Cherokee Creek 1,South Central
H-Cherokee Creek 2,South Central
H-Cherokee Creek 3,South Central
H-Cherokee Mine,South Central
H-Cherokee Towers,South Central
H-Cherokee Windmill,South Central
H-Chicken Spring,South Central
H-Chokecherry,South Central
H-Chokecherry Bench,South Central
H-Coal Bank Wash,South Central
H-Coal Creek,South Central
H-Coal Gulch,South Central
H-Coal Springs,South Central
H-Conners,South Central
H-Corral,South Central
H-Corral Creek,South Central
H-Courthouse Butte,South Central
H-Cow Crk. Butte Rd.,South Central
H-Cow Spring,South Central
H-Crooked Well,South Central
H-Crossroads Ridge,South Central
H-Dad Basin 1,South Central
H-Dad Basin 4,South Central
H-Dad Junipers,South Central
H-Daley,South Central
H-Deadman Creek,South Central
H-Deep Creek,South Central
H-Deweese,South Central
H-Dike,South Central
H-Dirty Man,South Central
H-Discover,South Central
H-Discover East,South Central
H-Discover South,South Central
H-Dolan Mesa,South Central
H-Doty Mountain,South Central
H-Dry Cow 2,South Central
H-Dry Cow 3,South Central
H-Dry Cow 4,South Central
H-Dry Ditch,South Central
H-Dutch Joe 1,South Central
H-Dutch Joe 2,South Central
H-Dutch Joe 3,South Central
H-Eagle Creek,South Central
H-Eagles Nest Draw,South Central
H-Eagles Nest Reservoir,South Central
H-East Antelope,South Central
H-East Dad Road,South Central
H-East Doty Mountain,South Central
H-East Dry Cow,South Central
H-East Duck Lake,South Central
H-East Muddy Divide,South Central
H-East Ninemile,South Central
H-East Seaverson,South Central
H-Echo Springs,South Central
H-Emigrant Creek,South Central
H-Emilys,South Central
H-Eversole Basin,South Central
H-Fenced Well,South Central
H-Ferris,South Central
H-Fillmore Cabins,South Central
H-Fillmore Creek,South Central
H-Fillmore Hilltop,South Central
H-Fillmore Ranch,South Central
H-Fillmore Turnoff,South Central
H-Fish Pond,South Central
H-Fivemile Bend,South Central
H-Fivemile Ditch,South Central
H-Fivemile Junction,South Central
H-Flattop,South Central
H-Fourmile,South Central
H-Fox Farm,South Central
H-Frenchman,South Central
H-Garden Gulch 1,South Central
H-Garden Gulch 2,South Central
H-Garden Gulch 3,South Central
H-Green Ridge,South Central
H-Grove Meadow,South Central
H-Hangout Ridge,South Central
H-Hansen,South Central
H-Harrier,South Central
H-Hay Gulch,South Central
H-Hillside,South Central
H-Hogback,South Central
H-Holler Divide,South Central
H-Holler Draw,South Central
H-Holler Draw 1,South Central
H-Hugus Draw,South Central
H-ID Airstrip,South Central
H-Iron Springs Draw,South Central
H-Junction,South Central
H-Junk Hill,South Central
H-Ketchum Buttes,South Central
H-Lake Bed,South Central
H-Larsen North Well,South Central
H-Little Beaver,South Central
H-Little Osborne,South Central
H-Little Robber,South Central
H-Little Sage Creek,South Central
H-Little Sage Reservoir,South Central
H-Little Sand Spring,South Central
H-Little Savery 1,South Central
H-Little Savery 2,South Central
H-Little Shoe,South Central
H-Littlefield,South Central
H-Littlefield Canyon,South Central
H-Lone Haystack,South Central
H-Lost Alkali,South Central
H-Lost Arapahoe,South Central
H-Low Ridge,South Central
H-Mahoney Dome,South Central
H-McKinney Creek,South Central
H-McKinney Crossing,South Central
H-Midnight Valley,South Central
H-Miller Creek,South Central
H-Miller Hill,South Central
H-Minex West,South Central
H-Monument Lake,South Central
H-Mud Lake,South Central
H-Mud Lake North,South Central
H-Mud Springs,South Central
H-Mysterious,South Central
H-N. Barrel Springs,South Central
H-N.S. Satellite,South Central
H-Ne Muddy Mtn.,South Central
H-Negro Creek 1,South Central
H-Nicholson 1,South Central
H-North Fillmore,South Central
H-North Fork,South Central
H-North Fork Savery,South Central
H-North High Point,South Central
H-North Lamont,South Central
H-North Muddy Creek,South Central
H-North Rawlins,South Central
H-North Sheep Mountain,South Central
H-North Wamsutter,South Central
H-NW Haystack,South Central
H-Ohio,South Central
H-Olson Divide,South Central
H-Olson Draw,South Central
H-Osborne Draw,South Central
H-Overland Trail,South Central
H-P & R,South Central
H-Peach Orchard,South Central
H-Pipeline,South Central
H-Point East,South Central
H-Pool Table,South Central
H-Prospects,South Central
H-Prospects South,South Central
H-Ram Canyon,South Central
H-Rankin,South Central
H-Rawlins,South Central
H-Rawlins Reservoir,South Central
H-Red Lakers,South Central
H-Red Ridge,South Central
H-Red Rim,South Central
H-Red Rim Basin,South Central
H-Rendle Rim,South Central
H-Riddle Creek,South Central
H-Riddle Cut,South Central
H-Rinshaw Cabin,South Central
H-Rocky Draw,South Central
H-Ruby Knolls North,South Central
H-Ruby Knolls South,South Central
H-Ruby Knolls West,South Central
H-Rush,South Central
H-Rush Creek,South Central
H-Rush Creek West,South Central
H-Rye Gulch,South Central
H-Sage Creek Basin,South Central
H-Sage Creek Ranch,South Central
H-Saltiel,South Central
H-Sand Dunes 1,South Central
H-Sand Gully,South Central
H-Sandhills Rd.,South Central
H-Sandhole,South Central
H-Savery,South Central
H-Scottys Peak,South Central
H-Separation Hilltop,South Central
H-Sheep Mountain,South Central
H-Sixteenmile,South Central
H-Smith Draw,South Central
H-Smith Rim,South Central
H-Soap Hole Wash,South Central
H-Soap Holes,South Central
H-Soda Lake,South Central
H-Sooner,South Central
H-Sooner Oil,South Central
H-Sourdough Mine,South Central
H-South Cherokee,South Central
H-South Hangout,South Central
H-South Hatchet,South Central
H-South Hugus,South Central
H-South Seaverson,South Central
H-Southland Well,South Central
H-Spring Creek,South Central
H-Standard Draw,South Central
H-Standard Road,South Central
H-Stewart Creek,South Central
H-Stockpond,South Central
H-Stoney Creek,South Central
H-Stratton,South Central
H-Stratton Camp,South Central
H-Stratton Solar Well,South Central
H-Strom Reservoir,South Central
H-Sugarloaf Mtn.,South Central
H-Sulphur Springs,South Central
H-SW Riner,South Central
H-Table Lake,South Central
H-Taper,South Central
H-Tin Can,South Central
H-Twentymile Road,South Central
H-Upper Buck Draw,South Central
H-Upper Cottonwood,South Central
H-Upper Hugus,South Central
H-Upper Iron Springs,South Central
H-Upper Osborne,South Central
H-Upper Red Creek,South Central
H-Upper Red Creek South,South Central
H-Upper Wild Cow Creek,South Central
H-West Badwater,South Central
H-West Fillmore Ranch,South Central
H-West J.O.,South Central
H-West Junction,South Central
H-West Seaverson,South Central
H-West Towers,South Central
H-White Water,South Central
H-White Water East,South Central
H-Wild Cow,South Central
H-Wild Horse Basin 2,South Central
H-Wild Horse Basin 3,South Central
H-Wild Horse Canyon,South Central
H-Wild Horse Mtn.,South Central
H-Willow Spring,South Central
H-Willows 1,South Central
H-Willows 2,South Central
H-Willows 3,South Central
H-Willows North,South Central
H-Windmill Draw,South Central
H-Windy Hill,South Central
A-3 Bar H Road,Upper Snake River
A-Airport,Upper Snake River
A-Airport Pit,Upper Snake River
A-Antelope Flats,Upper Snake River
A-Bark Corral East,Upper Snake River
A-Bark Corral West,Upper Snake River
A-Beacon,Upper Snake River
A-Breakneck Flats,Upper Snake River
A-Clark Draw,Upper Snake River
A-Dry Cottonwood,Upper Snake River
A-McBride,Upper Snake River
A-Moulton East,Upper Snake River
A-Moulton West,Upper Snake River
A-NER-North Gap,Upper Snake River
A-NER-Simpson,Upper Snake River
A-RKO,Upper Snake River
A-Spread Creek,Upper Snake River
A-Timbered Island,Upper Snake River
B-21 Creek 1,Bighorn
B-21 Creek 2,Bighorn
B-Alamo Creek,Bighorn
B-Alkali Creek,Bighorn
B-Anchor Dam,Bighorn
B-Armpit,Bighorn
B-Badger Basin,Bighorn
B-Badger Gulch 1,Bighorn
B-Blackstone Gulch,Bighorn
B-Blue Mesa 22,Bighorn
B-Blue Mesa 23,Bighorn
B-Blue Mesa 24,Bighorn
B-Blue Mesa 25,Bighorn
B-Blue Mesa 26,Bighorn
B-Blue Mesa 55,Bighorn
B-Blue Mesa 56,Bighorn
B-Blue Mesa 57,Bighorn
B-Blue Mesa 62,Bighorn
B-Bridger Butte 2,Bighorn
B-Bridger Butte NE,Bighorn
B-Bridger Butte SE,Bighorn
B-Buchanan,Bighorn
B-Buck Creek,Bighorn
B-Buck Creek Flat,Bighorn
B-Buck Creek West,Bighorn
B-Buffalo Bill Reservoir 1,Bighorn
B-Buffalo Bill Reservoir 2,Bighorn
B-Buffalo Creek 1,Bighorn
B-Buffalo Creek 2,Bighorn
B-Chapman Bench,Bighorn
B-Chapman Bench 1,Bighorn
B-Chapman Bench 2,Bighorn
B-Chapman Bench North,Bighorn
B-Chapman Bench South,Bighorn
B-Chapman Dike Pond,Bighorn
B-Clark  North,Bighorn
B-Clark  South,Bighorn
B-Coon Creek,Bighorn
B-Cottonwood,Bighorn
B-Crazy Quilt Reservoir,Bighorn
B-Cripple Dog Reservoir,Bighorn
B-Cripple Dog Reservoir 2,Bighorn
B-Cripple Dog Swale,Bighorn
B-Deer Creek,Bighorn
B-Dempsy 2,Bighorn
B-Diamond Basin West,Bighorn
B-Dobie Creek Rim,Bighorn
B-Dry Creek 1,Bighorn
B-Dry Creek 2,Bighorn
B-Dry Creek 3,Bighorn
B-Dry Creek 4,Bighorn
B-Dry Creek Flats,Bighorn
B-Dry Creek Rest Area,Bighorn
B-Dugan Bench,Bighorn
B-Eagles Nest,Bighorn
B-East Ridge,Bighorn
B-East Ridge South,Bighorn
B-East YU,Bighorn
B-Elk Basin,Bighorn
B-Elk Basin 2,Bighorn
B-Emblem Bench 2,Bighorn
B-Emblem Bench 3,Bighorn
B-Emblem Draw,Bighorn
B-Fenton Pass,Bighorn
B-Fork in Road,Bighorn
B-Foster Gulch,Bighorn
B-Gilbreath 89,Bighorn
B-Gillies Draw,Bighorn
B-Grass Creek,Bighorn
B-Grass Creek 2,Bighorn
B-Halfmoon oil field,Bighorn
B-Hamilton Dome,Bighorn
B-Heart Mtn 3 (Buck Ck),Bighorn
B-Heart Mtn 4 (Alkali Ck),Bighorn
B-Hillberry Rim 1,Bighorn
B-Hillberry Rim 2,Bighorn
B-Hoodoo,Bighorn
B-Hoodoo 2 (Coal Draw),Bighorn
B-Hoodoo 3,Bighorn
B-Horseshoe Bedground,Bighorn
B-Idaho Creek,Bighorn
B-Jake Sellers Draw,Bighorn
B-Kester Coulee,Bighorn
B-Lane 2 W,Bighorn
B-Left Hand,Bighorn
B-Little Buffalo Basin 1,Bighorn
B-Little Buffalo Basin 2,Bighorn
B-Little Mountain 1,Bighorn
B-Little Mountain 2,Bighorn
B-Loch Katrine,Bighorn
B-Lucky 7,Bighorn
B-Lundvall,Bighorn
B-McCullough Peaks 1,Bighorn
B-McCullough Peaks 2,Bighorn
B-McCullough Peaks 3,Bighorn
B-Meeteetse 1,Bighorn
B-Meeteetse 2,Bighorn
B-Meeteetse 3,Bighorn
B-Meeteetse 4 (Phelps Corrals),Bighorn
B-Meeteetse Rim,Bighorn
B-Middle Fork Owl Creek,Bighorn
B-Middle Polecat,Bighorn
B-Moss Ranch Landing Strip,Bighorn
B-N. Fk Cottonwood,Bighorn
B-Natural Trap,Bighorn
B-North Cody 1,Bighorn
B-North Cody 2,Bighorn
B-OB Depression,Bighorn
B-Old YU 1,Bighorn
B-Oregon Basin,Bighorn
B-Parker Springs,Bighorn
B-Parker Springs Gulch,Bighorn
B-Polecat 1,Bighorn
B-Polecat 2,Bighorn
B-Polecat 3,Bighorn
B-Polecat 4,Bighorn
B-Polecat 6,Bighorn
B-Polecat 7,Bighorn
B-Polecat 8,Bighorn
B-Polecat Burn,Bighorn
B-Polecat Water,Bighorn
B-Prospect,Bighorn
B-Putney Flat,Bighorn
B-Putney Mine,Bighorn
B-Putney Road,Bighorn
B-Question Creek,Bighorn
B-Rattlesnake Creek,Bighorn
B-Rattlesnake Creek NE,Bighorn
B-Rattlesnake Gulch 1,Bighorn
B-Rattlesnake Gulch 3,Bighorn
B-Red Cabin 1,Bighorn
B-Red Cabin 3,Bighorn
B-Red Ridge,Bighorn
B-Red Springs,Bighorn
B-Rimrock Basin,Bighorn
B-Robertson Draw,Bighorn
B-Rooster Creek,Bighorn
B-S. Fk Elk Creek,Bighorn
B-Sand Coulee,Bighorn
B-Sand Coulee Flats,Bighorn
B-Sand Draw,Bighorn
B-Sand Spring,Bighorn
B-Schuster Flats,Bighorn
B-Silvertip,Bighorn
B-South Elk Basin,Bighorn
B-Spring Gulch,Bighorn
B-Spring Gulch 1,Bighorn
B-Spring Gulch 3,Bighorn
B-Spring Gulch South Ridge,Bighorn
B-Squaw Teats,Bighorn
B-Stone Barn,Bighorn
B-Wagonhound 2,Bighorn
B-Wagonhound Cr 1,Bighorn
B-Webster's Corrals,Bighorn
B-Webster's pasture,Bighorn
B-Webster's Pasture 2,Bighorn
B-West Kirby Creek,Bighorn
B-West Kirby Creek 2,Bighorn
B-West Putney Flat,Bighorn
B-West Sage Creek,Bighorn
B-West YU 1,Bighorn
B-West YU 2,Bighorn
B-Wilson Spring,Bighorn
B-Windy Flats,Bighorn
B-Winninger Ranch,Bighorn
B-Wise Bench Marker,Bighorn
B-Woodruff Corral,Bighorn
B-YU water 2,Bighorn
B-YU water 3,Bighorn
B-YU water 5,Bighorn
B-YU water 6,Bighorn
D-Abbie Mae,Upper Green River
D-Alkali Creek,Upper Green River
D-Alkali Draw,Upper Green River
D-Antelope Draw,Upper Green River
D-Antelope Res 4,Upper Green River
D-Antelope Springs,Upper Green River
D-Antelope State,Upper Green River
D-Arambel,Upper Green River
D-Beaver Ridge,Upper Green River
D-Bench Corral,Upper Green River
D-Bench Road,Upper Green River
D-Big Fred,Upper Green River
D-Big John,Upper Green River
D-Big Sandy Flat,Upper Green River
D-Billie's Draw,Upper Green River
D-Billy Canyon 1,Upper Green River
D-Billy Canyon 2,Upper Green River
D-Billy Canyon 3,Upper Green River
D-Billy Canyon 4,Upper Green River
D-Billy Draw South,Upper Green River
D-Birch Creek,Upper Green River
D-Bloom Reservoir,Upper Green River
D-Blown-Out Reservoir,Upper Green River
D-Boulder Lake,Upper Green River
D-Brodie Burn,Upper Green River
D-Brodie Draw 1,Upper Green River
D-Brodie Draw 2,Upper Green River
D-Brodie Draw 3,Upper Green River
D-Buckhorn Well 1,Upper Green River
D-Burnt Lake Road,Upper Green River
D-Burt's Spring,Upper Green River
D-Calpet 11,Upper Green River
D-Calpet 2,Upper Green River
D-Calpet 8,Upper Green River
D-Canadian Flowing Well,Upper Green River
D-Cat,Upper Green River
D-Chandler Brown,Upper Green River
D-Clay Hill Well,Upper Green River
D-Cora Butte,Upper Green River
D-Cora Butte East,Upper Green River
D-Cora Butte Satellite,Upper Green River
D-Cora Y,Upper Green River
D-Cottonwood Confluence,Upper Green River
D-Cottonwood Cutoff,Upper Green River
D-Cow Gulch,Upper Green River
D-Cut Across,Upper Green River
D-Cutoff,Upper Green River
D-Darby,Upper Green River
D-Deer Hill,Upper Green River
D-Desert Reservoir,Upper Green River
D-Diablo West,Upper Green River
D-East Buckhorn Canyon,Upper Green River
D-East Fork Hill,Upper Green River
D-Elk Hollow,Upper Green River
D-Fear Ditch,Upper Green River
D-Fear Ditch Res.,Upper Green River
D-Figure Four Canyon,Upper Green River
D-Forty Rod,Upper Green River
D-Fremont Butte Well 2A,Upper Green River
D-Fremont Butte Well 2B,Upper Green River
D-Goodwin,Upper Green River
D-Grindstone Butte North,Upper Green River
D-Grindstone Draw,Upper Green River
D-Hole 2,Upper Green River
D-Jewett Red Flat Res.,Upper Green River
D-Johnson Ridge,Upper Green River
D-Jonah Gulch,Upper Green River
D-June 2,Upper Green River
D-Kemmer Marie,Upper Green River
D-Kitchen Reservoir,Upper Green River
D-Little Colorado Lek 1,Upper Green River
D-Little Fred,Upper Green River
D-Little Saddle,Upper Green River
D-Lloyd,Upper Green River
D-Lovatt Draw Reservoir,Upper Green River
D-Lovatt West,Upper Green River
D-Lower Muddy,Upper Green River
D-Lower Sand Springs Draw,Upper Green River
D-McDonald Draw,Upper Green River
D-McDonald Draw East,Upper Green River
D-McNinch Res 2,Upper Green River
D-McNinch South,Upper Green River
D-Meadow Canyon,Upper Green River
D-Meadow Canyon 6B,Upper Green River
D-Meadow Canyon 7,Upper Green River
D-Mesa,Upper Green River
D-Mesa Road 3,Upper Green River
D-Mesa Spring,Upper Green River
D-Mesa/Pole Creek,Upper Green River
D-Mickelson Creek,Upper Green River
D-Mt. Airy Fence,Upper Green River
D-Mud Hole State,Upper Green River
D-Muddy Cottonwood,Upper Green River
D-Murdock Mesa,Upper Green River
D-North Antelope,Upper Green River
D-North Luman Ridge,Upper Green River
D-North Sandy Flat Res,Upper Green River
D-North Soapholes Creek,Upper Green River
D-Oasis Well,Upper Green River
D-Oil Road Fork,Upper Green River
D-Old Reservoir,Upper Green River
D-Onion Creek,Upper Green River
D-Onion Springs,Upper Green River
D-Onion Springs 2,Upper Green River
D-Prairie Dog,Upper Green River
D-Reclaimed Well Pad,Upper Green River
D-Reed Ridge,Upper Green River
D-Reed Ridge East,Upper Green River
D-Rifle Range,Upper Green River
D-Rooster's Delight,Upper Green River
D-Running Reece,Upper Green River
D-Ryegrass Draw,Upper Green River
D-Ryegrass Draw South,Upper Green River
D-Ryegrass Reservoir,Upper Green River
D-Ryegrass Road Fork,Upper Green River
D-Sali Mine,Upper Green River
D-Sali Mine 1,Upper Green River
D-Sand Draw 3,Upper Green River
D-Sand Draw Reservoir,Upper Green River
D-Shelter Cabin Res.,Upper Green River
D-Soda Lake,Upper Green River
D-Sommers,Upper Green River
D-South Luman Ridge,Upper Green River
D-South Rocks,Upper Green River
D-South Soapholes Creek,Upper Green River
D-Speedway,Upper Green River
D-Stock Driveway,Upper Green River
D-Stud Horse Butte E.,Upper Green River
D-Sugarloaf North,Upper Green River
D-Tarter Gulch,Upper Green River
D-Termination Draw,Upper Green River
D-The Clan,Upper Green River
D-The Rocks,Upper Green River
D-Tristan Bjorn,Upper Green River
D-Two Buttes,Upper Green River
D-Tyler Draw North,Upper Green River
D-Upper Antelope,Upper Green River
D-Upper Muddy Creek Road,Upper Green River
D-Upper Onion Creek,Upper Green River
D-Warren Bridge 1,Upper Green River
D-Warren Bridge 2,Upper Green River
D-Waterhole Draw,Upper Green River
D-Webb Draw,Upper Green River
D-Webb Property North,Upper Green River
D-West Buckhorn Draw,Upper Green River
D-West Deer Hill,Upper Green River
D-Widowmaker,Upper Green River
D-Willow Creek Road,Upper Green River
D-Yellowpoint Ridge S.,Upper Green River
E-Antelope Flats,Wind River
E-Antelope Springs,Wind River
E-Arrowhead - East,Wind River
E-Arrowhead - West,Wind River
E-Ballenger Draw,Wind River
E-Ballenger Reservoir,Wind River
E-Bass Lake Road,Wind River
E-Bison Basin Road,Wind River
E-Bushwacker - East,Wind River
E-Bushwacker - West,Wind River
E-Carmody Lake,Wind River
E-Carr Springs Draw,Wind River
E-Carr Springs NW,Wind River
E-Cedar Rim Pipeline No. 1,Wind River
E-Cedar Rim Pipeline No. 2,Wind River
E-Cedar Rim Pipeline No. 3,Wind River
E-Cedar Rim Windmill,Wind River
E-Chicken Springs East,Wind River
E-Chicken Springs West,Wind River
E-Chubby Springs,Wind River
E-Chugwater Reservoir,Wind River
E-Coal Mine Draw,Wind River
E-Coal Mine Draw Tanks,Wind River
E-Coal Mine Gulch,Wind River
E-Cottontail Reservoir,Wind River
E-Cottonwood Divide No. 1,Wind River
E-Cottonwood Divide No. 2,Wind River
E-Coyote Lake,Wind River
E-Crofts,Wind River
E-Daley Lake,Wind River
E-Dickie Springs,Wind River
E-Dickie Springs Creek,Wind River
E-Dishpan Butte,Wind River
E-Dry Cheyenne,Wind River
E-Dubois,Wind River
E-East Twin Creek,Wind River
E-Fish Creek,Wind River
E-Government Meadows,Wind River
E-Government Slide Draw,Wind River
E-Graham Road,Wind River
E-Grassy Lake,Wind River
E-Gustin Reservoir,Wind River
E-Hall Creek No. 1,Wind River
E-Hall Creek No. 2,Wind River
E-Harris Slough,Wind River
E-Hays Draw,Wind River
E-Ice Slough,Wind River
E-Iturian,Wind River
E-Jackson Spring/Windmill,Wind River
E-Koehler Draw,Wind River
E-Ladysmith Creek,Wind River
E-Lander Cutoff Trail,Wind River
E-Lander Valley Reservoir,Wind River
E-Little Sand Draw,Wind River
E-Long Creek No. 1,Wind River
E-Long Creek No. 2,Wind River
E-Long Creek No. 3,Wind River
E-Long Creek No. 4,Wind River
E-Long Gulch,Wind River
E-McGraw Flats No. 1,Wind River
E-McGraw Flats No. 2,Wind River
E-McTurk Draw,Wind River
E-McTurk Ridge,Wind River
E-Mitten Springs North,Wind River
E-Mitten Springs South,Wind River
E-Monument Draw,Wind River
E-Nebo,Wind River
E-Ninemile Draw,Wind River
E-Ninemile Reservoir,Wind River
E-North Bear Mountain,Wind River
E-North Sand Gulch,Wind River
E-Onion Flats No. 1,Wind River
E-Onion Flats No. 2,Wind River
E-Oregon Trail,Wind River
E-Picket Lake,Wind River
E-Pine Creek,Wind River
E-Preacher Playa,Wind River
E-Preacher Reservoir,Wind River
E-Radium Springs,Wind River
E-Rocky Draw,Wind River
E-Scarlett Ranch,Wind River
E-Sharps Meadows Creek,Wind River
E-Silver Creek,Wind River
E-Soap Holes,Wind River
E-South Sulphur,Wind River
E-Stock Pond,Wind River
E-Table Mountain,Wind River
E-Thomsen Well,Wind River
E-Twin Creek,Wind River
E-Upper Government Draw,Wind River
E-Warm Alkali,Wind River
E-Warm Springs No. 1,Wind River
E-Warm Springs No. 2,Wind River
E-West Carr Springs Draw,Wind River
E-West Long Creek No. 1,Wind River
E-West Long Creek No. 2,Wind River
E-Willow Creek State Section,Wind River
E-Wilson Gulch,Wind River
G-10 Mile Rim,Southwest
G-12 Mile Canyon East,Southwest
G-12 Mile Rim North,Southwest
G-12 Mile Rim South,Southwest
G-12 Mile Sink,Southwest
G-15 Mile Spring,Southwest
G-Airport,Southwest
G-Airstrip,Southwest
G-Alkali Bench,Southwest
G-Alkali Creek,Southwest
G-Alkali Creek 1,Southwest
G-Alkali Creek 2,Southwest
G-Alkali Creek 3,Southwest
G-Alkali Creek 4,Southwest
G-Alkali Creek East,Southwest
G-Alkali Creek West,Southwest
G-Alkali Wash,Southwest
G-Anna Richey,Southwest
G-Antelope Butte,Southwest
G-Antelope Wash,Southwest
G-Antelope Wash East,Southwest
G-Arrowhead,Southwest
G-Artesian,Southwest
G-Aspen Creek,Southwest
G-Austin Reservoir,Southwest
G-Austin Wash,Southwest
G-Banana Ranch,Southwest
G-Bar X,South Central
G-Beachler Creek,Southwest
G-Bear River Divide,Southwest
G-Beaver Ck,Southwest
G-Bell Creek 1,Southwest
G-Bell Creek 2,Southwest
G-Bell Spring,Southwest
G-Bert Brush,Southwest
G-Big Bend,Southwest
G-Big Hollow Bench,Southwest
G-Big Island 2,Southwest
G-Big Sandy Reservoir,Southwest
G-Bigelow 1,Southwest
G-Bigelow 2,Southwest
G-Bigelow 3,Southwest
G-Bitter Creek,Southwest
G-Black Butte 1,Southwest
G-Black Butte 5,Southwest
G-Black Butte Creek,Southwest
G-Black Rock,Southwest
G-Black Rock 2,Southwest
G-Blacks Fork 1,Southwest
G-Blacks Fork 2,Southwest
G-Blacks Fork 3,Southwest
G-Blake Hollow Gravel Pit,Southwest
G-BLM Road,Southwest
G-Blue Rim,Southwest
G-Bon Rico Haul Road,Southwest
G-Bone Draw 1,Southwest
G-Bone Draw 2,Southwest
G-Bone Draw 3,Southwest
G-Botero Ditch,Southwest
G-Boulder Ridge,Southwest
G-Boulder Ridge 2,Southwest
G-Box Spring,Southwest
G-Brees Hill,Southwest
G-Bridger Airport 1,Southwest
G-Bridger Airport 2,Southwest
G-Bridger Airport 3,Southwest
G-Bridger Butte,Southwest
G-Bridger Creek,Southwest
G-Brinnegar,Southwest
G-Brinnegar 2,Southwest
G-Bryan 1,Southwest
G-Bryan 2,Southwest
G-Buckhorn,Southwest
G-Buckhorn Canyon,Southwest
G-Buckhorn Flowing Well,Southwest
G-Buffalo Hump,Southwest
G-Buffalo Springs,Southwest
G-Buffalo Springs 2,Southwest
G-Bulldog Hollow,Southwest
G-Bulldog Hollow South,Southwest
G-Bullpen Creek,Southwest
G-Bush Rim,Southwest
G-Cap White,Southwest
G-Cap White 2,Southwest
G-Carlisle Ranch,Southwest
G-Carson Springs,Southwest
G-Carter Creek,Southwest
G-Cattail,Southwest
G-Chalk Creek Basin,Southwest
G-Chicken Creek - Fossil Butte,Southwest
G-Chicken Creek - Salt Wells,Southwest
G-Chicken Creek 2 - Fossil Butte,Southwest
G-Chicken Springs Basin,Southwest
G-Chindgren,Southwest
G-Christy Canyon 1,Southwest
G-Christy Canyon 2,Southwest
G-Christy Canyon 3,Southwest
G-Church Butte 1,Southwest
G-Church Butte East,Southwest
G-Clay Buttes,Southwest
G-Clear Creek Ridge,Southwest
G-Collett Basin,Southwest
G-Confluence,Southwest
G-Continental Divide,Southwest
G-Corral Creek,Southwest
G-Cottonwood,Southwest
G-Cottonwood Creek,Southwest
G-County Line,Southwest
G-County Rd 4,Southwest
G-County Rd 4 West,Southwest
G-Cow Creek Reservoir,South Central
G-Craven Ck,Southwest
G-Craven Reservoir 1,Southwest
G-Craven Reservoir 2,Southwest
G-Craven Reservoir W.,Southwest
G-Crockers Point,Southwest
G-Crooked Wash,Southwest
G-Cumberland 1,Southwest
G-Cumberland 2,Southwest
G-Dee Ranch,Southwest
G-Dee Ranch Road,Southwest
G-Delaney Creek,Southwest
G-Dempsey Basin,Southwest
G-Desertion Point East,Southwest
G-Divide,Southwest
G-Divide 2,Southwest
G-Dodge Rim 1,Southwest
G-Dodge Rim 2,Southwest
G-Dodge Rim E.,Southwest
G-Dodge Rim S.,Southwest
G-Drill Hole,Southwest
G-Dripping Rock,Southwest
G-Dry Crk. 1,Southwest
G-Dry Crk. 2,Southwest
G-Dry Crk. 3,Southwest
G-Dry Crk. 4,Southwest
G-Dry Crk. 5,Southwest
G-Dry Hollow,Southwest
G-Dry Muddy 3,Southwest
G-Dry Reservoir,Southwest
G-Dry Sandy 1,Southwest
G-Dry Sandy 2,Southwest
G-Dry Sandy 4,Southwest
G-Dry Sandy 5,Southwest
G-Dry Sandy Dam 32,Southwest
G-Dutch George,Southwest
G-East Airport,Southwest
G-East Fork Bullpen,Southwest
G-East Joe Hay,Southwest
G-East McCray Basin,Southwest
G-East Of Eden,Southwest
G-East Peru,Southwest
G-East Willow Ck,Southwest
G-Eastside Crawford,Southwest
G-Eden Canal,Southwest
G-Eden Reservoir 1,Southwest
G-Eden Reservoir 2,Southwest
G-Elk Butte,Southwest
G-Elk Butte 2,Southwest
G-Elk Butte 3,Southwest
G-Elkhorn North,Southwest
G-Elkhorn West,Southwest
G-Emigrant Springs South,Southwest
G-Emigrant Trail 1,Southwest
G-Emigrant Trail 2,Southwest
G-Facinelli Place,Southwest
G-Farson 1,Southwest
G-Farson 2,Southwest
G-Farson 3,Southwest
G-Fenn Creek,Southwest
G-First Creek,Southwest
G-Flowing Well,Southwest
G-FMC Granger,Southwest
G-Gasson Bridge East,Southwest
G-Gasson Bridge West,Southwest
G-Grade Cr. Bench,Southwest
G-Granary Draw,Southwest
G-Grassy Draw,Southwest
G-Greasewood Canyon,Southwest
G-Greenhough Flat 1,Southwest
G-Greenhough Flat 2,Southwest
G-Hampton Main,Southwest
G-Hank Hollow 2,Southwest
G-Hank Hollow Bench,Southwest
G-Hatcher Mesa,Southwest
G-Hay Creek,Southwest
G-Hay Hollow,Southwest
G-Hay Meadow,Southwest
G-Hay Middle Ranch,Southwest
G-Haystack,Southwest
G-Heard Hollow,Southwest
G-Hell's Canyon,Southwest
G-Hill Creek,Southwest
G-Hilltop,Southwest
G-Hogback,Southwest
G-Honey Creek,Southwest
G-Horse Creek,Southwest
G-Horse Creek 2,Southwest
G-Horseshoe Bend South 3,Southwest
G-Hwy 372,Southwest
G-Hwy. 191 S.,Southwest
G-Hwy. 191 S. 3,Southwest
G-Jack Morrow Ck.,Southwest
G-Jackson Cr. North,Southwest
G-Jb Plow,Southwest
G-Joe Krall,Southwest
G-Joyce Crk. 1,Southwest
G-Joyce Crk. 2,Southwest
G-Joyce Crk. 3,Southwest
G-Juel Creek 1,Southwest
G-Juel Creek 2,Southwest
G-Juel Creek 3,Southwest
G-Juel Creek 4,Southwest
G-Juel Creek 5,Southwest
G-Kappes,Southwest
G-Kent Ranch,Southwest
G-Kerr,Southwest
G-Killpecker Crk,Southwest
G-Kinney Rim,Southwest
G-Lander Creek,Southwest
G-Laney,Southwest
G-Larson Reservoir Lek,Southwest
G-Leavitt Bench 1,Southwest
G-Leavitt Bench 2,Southwest
G-Leavitt Bench 3,Southwest
G-Leavitt Bench 4,Southwest
G-Leefe Mine,Southwest
G-Lewis Gravel,Southwest
G-Limekiln Gulch,Southwest
G-Linden Canyon,Southwest
G-Little America 6,Southwest
G-Little Basin,Southwest
G-Little Bitter Crk.,Southwest
G-Little Colo Well 11,Southwest
G-Little Dry Creek,Southwest
G-Little Hogsback,Southwest
G-Little Mitchell Slough,Southwest
G-Little Mitchell Well,Southwest
G-Little Muddy,Southwest
G-Little Muddy Rim,Southwest
G-Little Prospect,Southwest
G-Little Round Mtn North,Southwest
G-Little Round Mtn South,Southwest
G-Little Sandy Crossing,Southwest
G-Little Sandy Crossing 2,Southwest
G-Lockman,Southwest
G-Lost Dog 1,Southwest
G-Lost Dog 2,Southwest
G-Lost Dog 4,Southwest
G-Lost Dog/Hwy 530,Southwest
G-Maggie Springs,Southwest
G-Main Road,Southwest
G-Marsh Hawk,Southwest
G-Massacre Hill,Southwest
G-McMurray Homestead,Southwest
G-Meadow Sp 1,Southwest
G-Meadow Sp 2,Southwest
G-Meadow Sp 3,Southwest
G-Middle Clear Creek Ridge,Southwest
G-Middle of Nowhere,Southwest
G-Midland 1,Southwest
G-Midland 2,Southwest
G-Miller Creek,Southwest
G-Minnies Gap,Southwest
G-Mitchell Slough,Southwest
G-Monument Butte,Southwest
G-Monument Draw,Southwest
G-Mormon Knoll,Southwest
G-Mowing Machine Draw,Southwest
G-Mud Lake,Southwest
G-Mud Spring,Southwest
G-Muir Reservoir,Southwest
G-Mulkay Springs,Southwest
G-Mulkay Springs North,Southwest
G-Musselman Draw,Southwest
G-N Twin Cr W (H),Southwest
G-N.F. Slate Cr,Southwest
G-Nancy Hill Grave,Southwest
G-Nellie Case,Southwest
G-No Name,Southwest
G-Norris Tratnik,Southwest
G-North Buckboard,Southwest
G-North Chappel Creek,Southwest
G-North Crawford,Southwest
G-North Fork Dempsey Creek,Southwest
G-North Halfway Hollow,Southwest
G-North Kinney Rim,Southwest
G-North Muddy,Southwest
G-North Pacific Crk 1,Southwest
G-North Pacific Crk 2,Southwest
G-North Pacific Crk 3,Southwest
G-North Pacific Crk 4,Southwest
G-North Pacific Crk 5,Southwest
G-North Pacific Crk 6,Southwest
G-North Pacific Crk 7,Southwest
G-North Pacific Crk 8,Southwest
G-North Twin Cr,Southwest
G-North Vermillion,Southwest
G-Opal Bench 1,Southwest
G-Opal Bench 2,Southwest
G-Oregon Trail 1,Southwest
G-Oregon Trail 2,Southwest
G-Oregon Trail Marker,Southwest
G-Owl Bench,Southwest
G-Owl Bench 2,Southwest
G-Ox Yoke,Southwest
G-Oyster Ridge North,Southwest
G-Oyster Ridge South,Southwest
G-Pacific Creek Playa,Southwest
G-Pando,Southwest
G-Patrick Draw,Southwest
G-Perry Bench,Southwest
G-Peru,Southwest
G-Petersen Ranch Lek,Southwest
G-Petroglyph,Southwest
G-Pickett Creek,Southwest
G-Piedmont,Southwest
G-Piedmont Cr 1,Southwest
G-Pilot Butte,Southwest
G-Pomeroy Draw,Southwest
G-Poston Reservoir,Southwest
G-Poston South,Southwest
G-Potter Mountain,Southwest
G-Quaken Asp,Southwest
G-Quaken Asp SW,Southwest
G-Question Mark Reservoir,Southwest
G-Radio Tower - Fontenelle,Southwest
G-Radio Tower 1 - Farson,Southwest
G-Radio Tower 2 - Farson,Southwest
G-Radio Tower 2 - Fontenelle,Southwest
G-Red Creek,Southwest
G-Red Creek Rim,Southwest
G-Red Eye 1,Southwest
G-Red Eye 2,Southwest
G-Red Line Hill,Southwest
G-Reed Reservoir,Southwest
G-Reed Reservoir NW,Southwest
G-Reed Reservoir SW,Southwest
G-Rifes Rim East,Southwest
G-Rifes Rim West,Southwest
G-Rigby Road,Southwest
G-Roberson East,Southwest
G-Roberson North,Southwest
G-Rock Cabin 1,Southwest
G-Rock Cabin 2,Southwest
G-Rock Cabin 3,Southwest
G-Rock Cabin 4,Southwest
G-Round Mtn,Southwest
G-Round Top,Southwest
G-Route 187,Southwest
G-Rye Patch 1,Southwest
G-Rye Patch 2,Southwest
G-Rye Patch 3,Southwest
G-Rye Patch 4,Southwest
G-Sage,Southwest
G-Sage Creek - Evanston,Southwest
G-Sage Creek - GR,Southwest
G-Salt Creek 1,Southwest
G-Sand Creek,Southwest
G-Sand Knoll,Southwest
G-Sand Knolls 1,Southwest
G-Sand Knolls 2,Southwest
G-School Sect Springs,Southwest
G-Scrivner Canyon,Southwest
G-Seven Mile Gulch 1,Southwest
G-Seven Mile Gulch 2,Southwest
G-Seven Mile Wash,Southwest
G-Shurtleff,Southwest
G-Shute Cr. East,Southwest
G-Shute Cr. South,Southwest
G-Shute Cr. West,Southwest
G-Simpson,Southwest
G-Skull Point East,Southwest
G-Skull Point South,Southwest
G-Skull Point West,Southwest
G-Small Pox Creek,Southwest
G-Snow Creek,Southwest
G-Solvay 1,Southwest
G-Solvay 2,Southwest
G-South Banana Ranch,Southwest
G-South Boulder Ridge,Southwest
G-South Collett Ck,Southwest
G-South Haystack 1,Southwest
G-South Haystack 2,Southwest
G-South Twin Creek,Southwest
G-Spicer 1,Southwest
G-Spicer 2,Southwest
G-Spicer 3,Southwest
G-Spicer 4,Southwest
G-Spitzi,Southwest
G-Spring Branch,Southwest
G-Spring Butte,Southwest
G-Stagecoach,Southwest
G-Stagecoach North,Southwest
G-Standard Reservoir,Southwest
G-Starvation Divide,Southwest
G-Starvation Wash,Southwest
G-Stateline,Southwest
G-Steed Canyon,Southwest
G-Sublette,Southwest
G-Sublette Flat,Southwest
G-Sublette's Flat,Southwest
G-Sullivan Hollow,Southwest
G-Tabernacle Butte,Southwest
G-Table Mtn,Southwest
G-Table Wash,Southwest
G-Thomas Canyon,Southwest
G-Thompson Meadows,Southwest
G-Trail Creek,Southwest
G-Tule Butte,Southwest
G-Twelve Mile Knob,Southwest
G-Upper 10 Mile,Southwest
G-Upper Dry Wash 1,Southwest
G-Upper Dry Wash 2,Southwest
G-Upper Salt Wells 1,Southwest
G-Upper Salt Wells 2,Southwest
G-Viva Naughton,Southwest
G-Viva Naughton West,Southwest
G-Washakie 1,Southwest
G-Washington Draw 1,Southwest
G-Washington Draw 2,Southwest
G-Washington Draw 3,Southwest
G-Washington Draw 4,Southwest
G-Washington Draw 5,Southwest
G-Washington Draw 6,Southwest
G-West Beaver,Southwest
G-West Fork Buckhorn,Southwest
G-West McCray Basin,Southwest
G-Williams Gas Line,Southwest
G-Williams Reservoir No 2,Southwest
G-Willow Springs,Southwest
G-Windy Point,Southwest
G-Windy Point South,Southwest
G-Woodruff Narrows,Southwest
G-Worm Crk. Flats,Southwest
G-Wyman Creek,Southwest
G-Yellow Point North,Southwest
G-Yellow Point South,Southwest
G-Zieglers Wash North,Southwest
G-Zieglers Wonder Wash,Southwest
G-Zirkel Mesa,Southwest
H-9 High Point,South Central
H-Alkali Well,South Central
H-Arapahoe,South Central
H-Basin Well,South Central
H-Bastard Butte,South Central
H-Bear Creek,South Central
H-Bitter Divide,South Central
H-Black Rock Flat,South Central
H-Buffalo Hump Lake,South Central
H-Buffalo Hump South,South Central
H-Buffalo Hump SW,South Central
H-Buffalo Hump West,South Central
H-Cherokee Trail,South Central
H-Cyclone Rim,South Central
H-Cyclone South,South Central
H-Delaney Rim 1,South Central
H-Delaney Rim 2,South Central
H-Delaney Rim 3,South Central
H-Desert Springs North,South Central
H-Eagles Nest,South Central
H-Eagles Nest Fence,South Central
H-East Alkali,South Central
H-East Luman,South Central
H-Fort LaClede,South Central
H-Girrard,South Central
H-Hadsell Crossing,South Central
H-Hadsell Road,South Central
H-Horseshoe Bend,South Central
H-Iron Pipe,South Central
H-Lonnie's,South Central
H-Lost Creek,South Central
H-Lost Creek Basin,South Central
H-Luman Rim,South Central
H-Luman Road,South Central
H-Marathon,South Central
H-May Day,South Central
H-Mulligan Draw,South Central
H-North Girrard,South Central
H-Olson,South Central
H-Rasmussen,South Central
H-Red Creek,South Central
H-Red Creek Well,South Central
H-Rusty,South Central
H-Saint Patrick's,South Central
H-Salt Sage Draw,South Central
H-Saxon,South Central
H-Scotty Lake,South Central
H-Shallow Creek,South Central
H-SK Well,South Central
H-Smiley Springs,South Central
H-Sourdough,South Central
H-Stinking Springs,South Central
H-Stinking Springs North,South Central
H-Stratton Lake,South Central
H-Texas Oil,South Central
H-Tierney Spring,South Central
H-Tipton North,South Central
H-Twin Barns,South Central
H-Upper Dugout,South Central
H-West Kinch McKinney,South Central
H-Willow Cr. Rim 1,South Central
H-Willow Cr. Rim 2,South Central
WR-Alkali Butte (#26),Wind River
WR-Alkali Butte North (#39),Wind River
WR-Bargee Stage Stop (#1),Wind River
WR-Big Table,Bighorn
WR-Bighorn Butte (#4A),Wind River
WR-Bighorn Butte (#4B),Wind River
WR-Bighorn Butte (#4C),Wind River
WR-Bighorn Butte (#4D),Wind River
WR-Bighorn Draw (#3A),Wind River
WR-Bighorn Draw (#3B),Wind River
WR-Bighorn Draw (#3C),Wind River
WR-Bighorn Draw (#3D),Wind River
WR-Bighorn Flat Mow,Wind River
WR-Blue Trail (#31),Wind River
WR-Boulder Flat (#8),Wind River
WR-Crow Creek,Wind River
WR-Crowheart Butte (#9),Wind River
WR-Dinwoody,Wind River
WR-Dry Creek,Wind River
WR-Dry Creek West,Wind River
WR-Ega Butte (#11),Wind River
WR-Ega Draw (#10),Wind River
WR-Fenceline (#6),Wind River
WR-Fred Harris (#37),Wind River
WR-Little Sand Draw,Wind River
WR-Lookout Butte Bottom (#35),Wind River
WR-Lookout Butte Tank (#35A),Wind River
WR-Meadow Creek (#28A),Wind River
WR-Meadow Creek (#28C),Wind River
WR-Mill Creek Southeast (#32),Wind River
WR-Mule Butte North (#12),Wind River
WR-Mule Butte Pump House (#34),Wind River
WR-Mule Butte South (#14),Wind River
WR-Mule Butte Windmill (#13),Wind River
WR-Northwest Draw (#7),Wind River
WR-Odie Ranch (#15),Bighorn
WR-Ray Lake (#17),Wind River
WR-Riverton Dome Oil Field (#25),Wind River
WR-Riverton East (#33A),Wind River
WR-Riverton East (#33B),Wind River
WR-Riverton East (#33C),Wind River
WR-Sacajawea (#29),Wind River
WR-Sage Creek Burn,Wind River
WR-Sage Creek Burn NW,Wind River
WR-Sage Creek Dry Pond (#20),Wind River
WR-Sage Creek Ridge (#18C),Wind River
WR-Sage Creek Sundance East (#19),Wind River
WR-Sage Creek Sundance North (#19),Wind River
WR-Sage Creek Sundance Northwest (#19),Wind River
WR-Sage Creek Sundance West (#19),Wind River
WR-Sage Creek Tank (#18),Wind River
WR-Sand Hills (#38),Wind River
WR-Sharpnose (#22),Wind River
WR-Sharpnose Draw,Wind River
WR-Sharpnose Draw - Northwest,Wind River
WR-Sharpnose East,Wind River
WR-Sharpnose Reservoir,Wind River
WR-Sharpnose Southeast (#23A),Wind River
WR-Spring Draw,Bighorn
WR-Upper Fred Harris,Wind River
WR-Upper Table South (#36),Wind River
WR-Willow Creek Bench (#30),Wind River
WR-Winchester Draw (#21),Wind River
WR-WyPo (#16),Wind River
WR-WyPo Pipeline (A),Wind River
D-Sand Springs Draw,Upper Green River
D-Sand Springs Well 2,Upper Green River
D-Sandy Flat Well,Upper Green River